{
    "use_matrix": {
        "accuracy_score": 0.7864583333333334,
        "recall_score": 0.5942028985507246,
        "f1_score": 0.6666666666666666,
        "precision_score": 0.7592592592592593
    },
    "origin": {
        "accuracy_score": 0.78125,
        "recall_score": 0.5652173913043478,
        "f1_score": 0.65,
        "precision_score": 0.7647058823529411
    }
}