{
    "origin": {
        "accuracy_score": 0.923469387755102,
        "recall_score": 0.8552631578947368,
        "f1_score": 0.8965517241379309,
        "precision_score": 0.9420289855072463
    },
    "use_matrix": {
        "accuracy_score": 0.9387755102040817,
        "recall_score": 0.9078947368421053,
        "f1_score": 0.92,
        "precision_score": 0.9324324324324325
    }
}